id,name,age
100,Estell,30
101,Gertrud,39
102,Romona,38
103,Jacquetta,41
104,Shaylyn,28
105,Karly,39
106,Kaja,34
107,Violet,20
108,Diena,42
109,Linet,21
110,Moyna,43
111,Bobbi,38
112,Doro,44
113,Therine,43
114,Tabbatha,23
115,Annecorinne,37
116,Josephine,38
117,Jenda,43
118,Steffane,42
119,Margette,30
120,Marleah,29
121,Theodora,38
122,Modestia,31
123,Danny,41
124,Ulrike,34
125,Kial,37
126,Marika,44
127,Quintina,33
128,Jennica,20
129,Jillayne,35
130,Alia,31
131,Kelly,34
132,Maurene,34
133,Antonietta,21
134,Stacey,26
135,Lauryn,45
136,Mallory,39
137,Chere,40
138,Jobi,27
139,Aurelie,42
140,Carmela,31
141,Chickie,35
142,Daphne,43
143,Susette,32
144,Natka,36
145,Merry,37
146,Carly,39
147,Jere,36
148,Averyl,24
149,Joy,44
150,Carlie,21
151,Chastity,38
152,Leia,29
153,Jackie,44
154,Madeleine,20
155,Florie,25
156,Gavrielle,34
157,Donetta,27
158,Ivett,24
159,Wileen,29
160,Addia,42
161,Dode,25
162,Jorry,39
163,Asia,29
164,Christian,42
165,Calla,37
166,Agnese,42
167,Cecile,43
168,Daryl,35
169,Marsiella,45
170,Joane,38
171,Ivett,23
172,Kassey,45
173,Amara,23
174,Dari,45
175,Shel,32
176,Eve,39
177,Tracey,30
178,Eadie,23
179,Tressa,29
180,Corene,41
181,Tonia,26
182,Wilma,40
183,Wendi,44
184,Jasmina,28
185,Merci,44
186,Brianna,28
187,Maridel,41
188,Ariela,43
189,Gilda,24
190,Mariele,38
191,Binny,39
192,Nikki,30
193,Selma,32
194,Correy,28
195,Lucille,38
196,Donnie,36
197,Roberta,23
198,Nessie,41
199,Hettie,41
200,Eadie,42
201,Tabbatha,35
202,Elmira,34
203,Justinn,44
204,Joane,29
205,Dawn,26
206,Neila,24
207,Flo,25
208,Lonnie,23
209,Selma,37
210,Jolyn,31
211,Gratia,27
212,Dianemarie,38
213,Nonnah,30
214,Lucille,20
215,Dulcinea,32
216,Shaine,32
217,Dorthy,32
218,Roslyn,43
219,Tabbatha,34
220,Lenna,34
221,Jessamyn,37
222,Sue,30
223,Sadie,41
224,Mahalia,35
225,Leia,24
226,Phylis,41
227,Rozele,34
228,Flo,44
229,Carree,40
230,Carmela,24
231,Theodora,44
232,Chastity,21
233,Minda,45
234,Sashenka,44
235,Giustina,35
236,Leontine,36
237,Vevay,22
238,Fawne,30
239,Teddie,35
240,Gwyneth,24
241,Alleen,43
242,Devina,42
243,Marnia,37
244,Cassandra,40
245,Darlleen,38
246,Phedra,33
247,Joelly,28
248,Ernesta,26
249,Sabina,26
250,Brandise,24
251,Joane,28
252,Elie,28
253,Beth,33
254,Leia,38
255,Fanny,22
256,Gilda,28
257,Minne,29
258,Paule,41
259,Glynnis,38
260,Kore,42
261,Maisey,29
262,Ileana,33
263,Cyb,22
264,Karina,26
265,Kathy,33
266,Raquela,34
267,Ida,21
268,Modestia,37
269,Molli,24
270,Rosene,29
271,Daphne,43
272,Dorothy,20
273,Kerrin,27
274,Brietta,35
275,Deane,24
276,Shirlee,28
277,Lesly,37
278,Cassondra,25
279,Hayley,26
280,Clarice,25
281,Lanna,24
282,Teriann,37
283,Randa,29
284,Louella,45
285,Carolina,45
286,Aryn,22
287,Wileen,30
288,Ninnetta,29
289,Zondra,29
290,Fidelia,38
291,Jerry,44
292,Gloria,24
293,Babita,22
294,Dolli,22
295,Louella,37
296,Linzy,34
297,Ana,42
298,Shandie,37
299,Mahalia,38
300,Ernesta,21
301,Ernesta,34
302,Romona,32
303,Cherrita,42
304,Fawne,22
305,Chloris,20
306,Gwyneth,42
307,Jinny,22
308,Millie,28
309,Caryl,20
310,Dede,33
311,Nessie,41
312,Vanessa,33
313,Nariko,44
314,Wynne,29
315,Laurene,24
316,Charissa,45
317,Winny,35
318,Keelia,36
319,Netty,25
320,Ira,22
321,Yvonne,39
322,Clarice,41
323,Margalo,35
324,Minne,26
325,Rayna,22
326,Dorene,39
327,Thalia,34
328,Sam,45
329,Celestyna,37
330,Elora,39
331,Randa,34
332,Margarette,23
333,Lila,39
334,Elena,27
335,Coral,22
336,Dotty,40
337,Leontine,36
338,Zia,44
339,Silvana,40
340,Almeta,31
341,Jillayne,25
342,Jasmina,31
343,Emma,32
344,Laure,39
345,Fred,38
346,Halette,28
347,Petronia,42
348,Rozele,21
349,Gretal,22
350,Basia,36
351,Oralee,27
352,Orsola,29
353,Clo,26
354,Trixi,38
355,Caressa,21
356,Aaren,23
357,Gabriellia,44
358,Tracey,23
359,Nanete,28
360,Linet,44
361,Gerianna,28
362,Valli,22
363,Margalo,37
364,Chandra,32
365,Randa,40
366,Clementine,25
367,Alleen,26
368,Hayley,27
369,Harmonia,25
370,Berta,35
371,Aryn,25
372,Dorthy,45
373,Halette,23
374,Delilah,26
375,Bill,39
376,Oralee,29
377,Gwenneth,21
378,Corene,33
379,Bobbi,24
380,Shell,20
381,Eolanda,44
382,Livvyy,30
383,Cristine,29
384,Anthia,44
385,Lulita,35
386,Aryn,20
387,Bibby,25
388,Eolanda,27
389,Karolina,20
390,Aryn,42
391,Celisse,21
392,Jacquetta,30
393,Eadie,27
394,Betta,33
395,Randa,38
396,Carmela,30
397,Riannon,43
398,Brena,42
399,Nicoli,44
400,Max,24
401,Adriana,20
402,Aryn,42
403,Damaris,27
404,Merrie,27
405,Asia,26
406,Dorice,44
407,Winny,45
408,Ethel,27
409,Beth,44
410,Hope,30
411,Trixi,41
412,Jobi,26
413,Bobinette,37
414,Donetta,41
415,Tybie,33
416,Carlie,24
417,Gabi,20
418,Charlena,33
419,Lelah,22
420,Marti,36
421,Mignon,27
422,Teriann,28
423,Vere,23
424,Florencia,37
425,Lanna,44
426,Althea,29
427,Audrie,25
428,Jacquetta,21
429,Olwen,34
430,Alisha,33
431,Bernie,33
432,Elora,29
433,Jere,24
434,Silvana,21
435,Jan,27
436,Julieta,33
437,Rhea,27
438,Dawn,32
439,Chere,22
440,Betta,30
441,Maryellen,32
442,Sam,36
443,Cassandra,44
444,Tarra,30
445,Kial,39
446,Kimberley,30
447,Tera,43
448,Dione,29
449,Demetris,37
450,Gusty,40
451,Carolina,34
452,Trixi,30
453,Althea,41
454,Frances,38
455,Petronia,39
456,Anallese,26
457,Merle,40
458,Phylis,42
459,Stacey,31
460,Alia,42
461,Helena,24
462,Maryellen,38
463,Halette,35
464,Trixi,40
465,Leia,40
466,Wileen,20
467,Rosaline,20
468,Calla,38
469,Patricia,23
470,Joy,43
471,Deane,24
472,Jobi,25
473,Marika,33
474,Lily,35
475,Arlena,39
476,Charissa,43
477,Britte,26
478,Britte,43
479,Paola,25
480,Shannah,32
481,Harrietta,41
482,Valli,34
483,Jsandye,21
484,Sheelagh,21
485,Aili,37
486,Ariela,23
487,Briney,31
488,Nessie,27
489,Queenie,32
490,Dorthy,33
491,Katleen,36
492,Cristine,45
493,Dawn,29
494,Vere,44
495,Alexine,29
496,Lyssa,32
497,Amii,33
498,Rani,22
499,Dulce,44
500,Corene,23
501,Daune,25
502,Roberta,30
503,Aaren,35
504,Hyacinthe,25
505,Jsandye,40
506,Sophia,26
507,Fidelia,25
508,Ayn,38
509,Babita,39
510,Kaja,45
511,Bibby,26
512,Jeanna,23
513,Codie,31
514,Binny,41
515,Charissa,35
516,Tatiania,40
517,Malina,39
518,Dorthy,40
519,Jacquetta,31
520,Mahalia,27
521,Lorne,33
522,Aurore,39
523,Flo,26
524,Eugine,23
525,Maud,41
526,Aurelie,32
527,Zaria,33
528,Winifred,40
529,Flory,43
530,Coral,37
531,Arlena,39
532,Jemie,38
533,Kirstin,44
534,Fanny,22
535,Dorice,27
536,Louella,42
537,Paule,20
538,Elbertina,37
539,Gloria,27
540,Aurelie,42
541,Augustine,38
542,Dawn,39
543,Thalia,28
544,Winifred,20
545,Ardeen,20
546,Marsiella,24
547,Trudie,32
548,Lily,38
549,Ardys,26
550,Kristan,28
551,Bee,26
552,Rosanne,39
553,Lanna,32
554,Candi,34
555,Desirae,38
556,Meriel,22
557,Addia,45
558,Talya,25
559,Janey,41
560,Lucy,21
561,Gilligan,42
562,Loree,33
563,Vonny,36
564,Ronna,32
565,Hyacinthe,43
566,Shannah,30
567,Belva,43
568,Perry,44
569,Elise,34
570,Nessie,20
571,Cassandra,39
572,Rosaline,38
573,Delilah,34
574,Minne,24
575,Oona,25
576,Cassandra,35
577,Dorice,20
578,Abbie,31
579,Rivalee,25
580,Margarette,28
581,Brena,25
582,Stevana,29
583,Dania,23
584,Harrietta,40
585,Lolita,28
586,Natka,23
587,Dulcinea,24
588,Marita,35
589,Chandra,31
590,Lily,42
591,Michaelina,36
592,Dagmar,37
593,Glynnis,36
594,Shandie,36
595,Gaylene,22
596,Deloria,26
597,Ernesta,35
598,Renie,41
599,Mellicent,29
600,Penelopa,45
601,Dulce,35
602,Dania,38
603,Ilse,23
604,Elfreda,30
605,Tracey,43
606,Sibella,32
607,Joceline,31
608,Fred,31
609,Diena,39
610,Marika,31
611,Kimberley,27
612,Cristabel,29
613,Marylou,27
614,Nikki,37
615,Minne,32
616,Claudina,42
617,Rosaline,28
618,Coral,37
619,Babita,33
620,Ginnie,20
621,Fina,45
622,Siana,24
623,Taffy,34
624,Kamilah,37
625,Marylou,39
626,Cristabel,33
627,Claudina,27
628,Kellen,23
629,Tera,21
630,Jean,29
631,Zsa Zsa,22
632,Angela,44
633,Valli,32
634,Annabela,33
635,Mariann,42
636,Larine,36
637,Joeann,41
638,Dennie,29
639,Sharai,45
640,Kathy,40
641,Juliane,45
642,Candi,28
643,Fidelia,42
644,Lucille,31
645,Amara,45
646,Hyacinthe,38
647,Ann-Marie,37
648,Vita,44
649,Ernesta,39
650,Jere,28
651,Kirbee,42
652,Latisha,34
653,Nollie,34
654,Stacey,42
655,Meriel,33
656,Christal,33
657,Kylynn,20
658,Luci,38
659,Agnese,21
660,Pierette,28
661,Michaelina,41
662,Daphne,30
663,Mara,43
664,Basia,30
665,Daphne,26
666,Tilly,29
667,Gilda,38
668,Luci,20
669,Barbara,33
670,Lorenza,44
671,Micheline,45
672,Charlena,20
673,Dode,31
674,Kirstin,45
675,Elfreda,36
676,Hettie,27
677,Josephine,38
678,Tersina,36
679,Lelah,35
680,Gusella,27
681,Amara,36
682,Annaliese,40
683,Malina,45
684,Arlena,30
685,Violet,41
686,Hallie,24
687,Mildrid,30
688,Kate,40
689,Kary,23
690,Kristan,21
691,Marita,21
692,Viki,23
693,Oona,36
694,Lanae,32
695,Meghann,31
696,Marcelline,32
697,Babita,38
698,Brana,33
699,Glenda,37
700,Jan,21
701,Cordi,45
702,Molli,32
703,Amara,35
704,Heddie,31
705,Michaelina,41
706,Elsie,21
707,Melanie,45
708,Alisha,32
709,Sabina,28
710,Leeanne,21
711,Gilda,39
712,Genevra,34
713,Beatriz,39
714,Calla,35
715,Barbara,30
716,Ezmeralda,42
717,Courtnay,35
718,Edee,24
719,Bettine,20
720,Desirae,35
721,Lorie,25
722,Janeczka,33
723,Dominga,33
724,Carlie,28
725,Tomasina,39
726,Meg,44
727,Latisha,34
728,Shell,30
729,Nessie,27
730,Maridel,32
731,Cordi,24
732,Sybille,41
733,Amelia,38
734,Justinn,26
735,Olivette,38
736,Kellen,37
737,Oona,45
738,Sandie,34
739,Merrie,41
740,Michaelina,37
741,Jaclyn,30
742,Bibby,21
743,Belva,27
744,Winny,43
745,Daune,42
746,Lindie,29
747,Pierette,26
748,Tobe,35
749,Alie,31
750,Elie,26
751,Celisse,37
752,Correy,25
753,Mady,38
754,Lanna,33
755,Ekaterina,35
756,Mureil,34
757,Justinn,41
758,Florie,37
759,Fayre,29
760,Carol-Jean,41
761,Jacenta,35
762,Ekaterina,27
763,Michaelina,37
764,Maurene,26
765,Veda,45
766,Ericka,36
767,Mignon,41
768,Eugine,21
769,Christian,35
770,Beth,24
771,Trudie,40
772,Willetta,20
773,Mildrid,43
774,Bobinette,38
775,Frank,34
776,Blake,42
777,Sonni,25
778,Rani,31
779,Dominga,27
780,Ada,45
781,Jobi,30
782,Selia,28
783,Annaliese,36
784,Myrtice,30
785,Estell,45
786,Claresta,45
787,Concettina,45
788,Bettine,41
789,Inga,38
790,Adelle,31
791,Joane,24
792,Almeta,45
793,Jacenta,39
794,Basia,24
795,Petronia,39
796,Desirae,40
797,Thalia,34
798,Vivia,26
799,Dale,32
800,Margalo,35
801,Kial,36
802,Maridel,39
803,Ardeen,20
804,Clary,36
805,Keelia,20
806,Nanete,32
807,Georgina,35
808,Susette,44
809,Lynnea,25
810,Blake,36
811,Aubrie,23
812,Rhoda,45
813,Marcy,45
814,Sandie,37
815,Teriann,37
816,Keelia,24
817,Candy,27
818,Mahalia,22
819,Tressa,28
820,Violet,24
821,Ingrid,30
822,Ezmeralda,28
823,Trudie,36
824,Perry,29
825,Mary,25
826,Eugine,30
827,Neila,35
828,Aurelie,31
829,Katharina,45
830,Corene,30
831,Mureil,38
832,Mamie,24
833,Dari,45
834,Emelina,33
835,Jorry,33
836,Valli,33
837,Fayre,31
838,Linzy,42
839,Alejandra,44
840,Amii,25
841,Cathie,35
842,Paule,40
843,Kirbee,45
844,Romona,35
845,Janey,30
846,Lanna,31
847,Hayley,35
848,Robinia,20
849,Consuela,20
850,Consuela,37
851,Selia,32
852,Ivett,39
853,Amalie,36
854,Moyna,43
855,Nita,25
856,Norine,30
857,Alejandra,20
858,Grier,37
859,Aili,41
860,Marika,28
861,Jessamyn,34
862,Leeanne,31
863,Molli,24
864,Eadie,26
865,Ivett,36
866,Marita,23
867,Wendi,44
868,Robbi,22
869,Mary,25
870,Sean,44
871,Mallory,30
872,Grier,30
873,Gusella,28
874,Joleen,36
875,Lucille,44
876,Isa,39
877,Cristine,40
878,Lizzie,20
879,Gertrud,40
880,Marylou,31
881,Kial,25
882,Norine,43
883,Hannis,21
884,Chandra,37
885,Valera,20
886,Edyth,32
887,Larine,21
888,Karina,26
889,Jemie,22
890,Sharlene,42
891,Jeanna,22
892,Rozele,44
893,Nadine,33
894,Ginnie,34
895,Fanny,41
896,Blake,28
897,Inga,27
898,Gilda,37
899,Emylee,32
900,Merrie,37
901,Elfreda,21
902,Hildegaard,22
903,Heida,44
904,Sarette,28
905,Dania,24
906,Concettina,27
907,Gabriellia,44
908,Reeba,25
909,Concettina,33
910,Wileen,24
911,Glenda,44
912,Cathyleen,34
913,Jasmina,25
914,Dorthy,23
915,Jenda,25
916,Brietta,45
917,Merci,30
918,Meg,44
919,Genovera,28
920,Celisse,26
921,Mara,41
922,Konstance,45
923,Dode,29
924,Aili,30
925,Kary,37
926,Ilse,41
927,Lenna,43
928,Kathi,40
929,Kristina,28
930,Dania,21
931,Kenna,38
932,Carolina,24
933,Marjie,38
934,Janenna,38
935,Sharai,30
936,Shell,35
937,Deloria,42
938,Collen,31
939,Janey,36
940,Maye,35
941,Lita,38
942,Hope,27
943,Karlee,31
944,Trudie,25
945,Cindelyn,40
946,Vita,32
947,Charmaine,42
948,Amelia,32
949,Frances,41
950,Ekaterina,28
951,Adriana,28
952,Maisey,44
953,Kaja,44
954,Elora,28
955,Allis,38
956,Ronna,26
957,Adelle,38
958,Lelah,30
959,Xylina,24
960,Shell,37
961,Joeann,44
962,Dacia,38
963,Vere,22
964,Sue,22
965,Catharine,21
966,Elmira,44
967,Gale,44
968,Kayla,29
969,Ardeen,24
970,Henriette,42
971,Joy,25
972,Emma,38
973,Lanna,27
974,Netty,36
975,Cordi,24
976,Marylou,26
977,Zondra,34
978,Sean,42
979,Fred,37
980,Pamella,23
981,Bobbi,28
982,Luci,42
983,Farrah,45
984,Pollyanna,38
985,Maisey,36
986,Viki,38
987,Corry,44
988,Dania,34
989,Corry,39
990,Carmencita,42
991,Lanae,45
992,Ericka,43
993,Cherrita,26
994,Ermengarde,23
995,Corina,39
996,Helsa,44
997,Corly,33
998,Gavrielle,29
999,Joelly,38
1000,Fredericka,22
1001,Jasmina,45
1002,Lynnea,31
1003,Brianna,45
1004,Kenna,24
1005,Eolanda,32
1006,Kassey,43
1007,Ricky,23
1008,Annaliese,30
1009,Corina,30
1010,Monika,21
1011,Agathe,43
1012,Elvira,34
1013,Bertine,43
1014,Corina,37
1015,Cissiee,33
1016,Annabela,30
1017,Agathe,25
1018,Basia,35
1019,Rozele,29
1020,Sam,23
1021,Amii,42
1022,Agathe,42
1023,Christal,23
1024,Beatriz,37
1025,Christian,24
1026,Jan,25
1027,Vita,26
1028,Angela,44
1029,Ardenia,25
1030,Etta,44
1031,Lusa,45
1032,Lusa,38
1033,Edith,33
1034,Betta,41
1035,Arlina,34
1036,Jere,22
1037,Winny,34
1038,Kassey,20
1039,Lexine,23
1040,Calla,25
1041,Kaja,20
1042,Nollie,29
1043,Nanete,34
1044,Marsiella,21
1045,Tobe,36
1046,Fayre,31
1047,Berta,24
1048,Maisey,31
1049,Heddie,29
1050,Verla,30
1051,Perry,29
1052,Orsola,40
1053,Olwen,40
1054,Aryn,41
1055,Jinny,26
1056,Bernie,28
1057,Micheline,26
1058,Berta,45
1059,Sonni,26
1060,Keelia,28
1061,Laure,40
1062,Sara-Ann,33
1063,Kirstin,26
1064,Alie,40
1065,Eolanda,45
1066,Alyssa,20
1067,Mariele,43
1068,Cacilie,35
1069,Andeee,32
1070,Mellicent,27
1071,Raf,29
1072,Deedee,24
1073,Tori,30
1074,Dyann,32
1075,Alyssa,37
1076,Petronia,21
1077,Cindelyn,34
1078,Ottilie,39
1079,Dione,30
1080,Emilia,20
1081,Vonny,45
1082,Tierney,35
1083,Ida,39
1084,Danika,40
1085,Yvonne,30
1086,Arabel,30
1087,Imojean,22
1088,Kate,28
1089,Fredericka,29
1090,Alia,36
1091,Delilah,31
1092,Joceline,43
1093,Nessie,40
1094,Flo,41
1095,Linet,27
1096,Belva,28
1097,Dagmar,25
1098,Consuela,41
1099,Feliza,28